email:,password:,firstname:,lastname:
autotest0@autotest.clients,ONPREM,john,balashov
autotest1@autotest.clients,ONPREM,vanya,balashov
autotest2@autotest.clients,ONPREM,yan,balashov
autotest3@autotest.clients,ONPREM,petr,emelyanov
autotest4@autotest.clients,ONPREM,petr,balashov
autotest5@autotest.clients,ONPREM,iohan,voronov
autotest6@autotest.clients,ONPREM,lesha,voronov
autotest7@autotest.clients,ONPREM,vanya,voronov
autotest8@autotest.clients,ONPREM,maksim,skvortsov
autotest9@autotest.clients,ONPREM,iohan,balashov
autotest10@autotest.clients,ONPREM,lesha,skvortsov
autotest11@autotest.clients,ONPREM,petr,skvortsov
autotest12@autotest.clients,ONPREM,vanya,voronov
autotest13@autotest.clients,ONPREM,vasya,balashov
autotest14@autotest.clients,ONPREM,petr,golubev
autotest15@autotest.clients,ONPREM,victor,nesmeyanov
autotest16@autotest.clients,ONPREM,iohan,golubev
autotest17@autotest.clients,ONPREM,petr,balashov
autotest18@autotest.clients,ONPREM,maksim,nesmeyanov
autotest19@autotest.clients,ONPREM,victor,emelyanov
autotest20@autotest.clients,ONPREM,sergey,golubev
autotest21@autotest.clients,ONPREM,yan,voronov
autotest22@autotest.clients,ONPREM,maksim,kalugin
autotest23@autotest.clients,ONPREM,vanya,kalugin
autotest24@autotest.clients,ONPREM,victor,voronov
autotest25@autotest.clients,ONPREM,victor,kalugin
autotest26@autotest.clients,ONPREM,vanya,golubev
autotest27@autotest.clients,ONPREM,kostya,golubev
autotest28@autotest.clients,ONPREM,maksim,molodtsov
autotest29@autotest.clients,ONPREM,maksim,skvortsov
autotest30@autotest.clients,ONPREM,petr,nesmeyanov
autotest31@autotest.clients,ONPREM,victor,voronov
autotest32@autotest.clients,ONPREM,iohan,emelyanov
autotest33@autotest.clients,ONPREM,sergey,nesmeyanov
autotest34@autotest.clients,ONPREM,victor,nesmeyanov
autotest35@autotest.clients,ONPREM,maksim,kalugin
autotest36@autotest.clients,ONPREM,victor,skvortsov
autotest37@autotest.clients,ONPREM,sergey,skvortsov
autotest38@autotest.clients,ONPREM,sergey,kalugin
autotest39@autotest.clients,ONPREM,lesha,golubev
autotest40@autotest.clients,ONPREM,petr,molodtsov
autotest41@autotest.clients,ONPREM,john,skvortsov
autotest42@autotest.clients,ONPREM,victor,nesmeyanov
autotest43@autotest.clients,ONPREM,petr,nesmeyanov
autotest44@autotest.clients,ONPREM,sergey,emelyanov
autotest45@autotest.clients,ONPREM,victor,balashov
autotest46@autotest.clients,ONPREM,john,nesmeyanov
autotest47@autotest.clients,ONPREM,vasya,nesmeyanov
autotest48@autotest.clients,ONPREM,yan,emelyanov
autotest49@autotest.clients,ONPREM,lesha,nesmeyanov
autotest50@autotest.clients,ONPREM,lesha,emelyanov
autotest51@autotest.clients,ONPREM,maksim,golubev
autotest52@autotest.clients,ONPREM,lesha,golubev
autotest53@autotest.clients,ONPREM,lesha,skvortsov
autotest54@autotest.clients,ONPREM,lesha,voronov
autotest55@autotest.clients,ONPREM,lesha,kalugin
autotest56@autotest.clients,ONPREM,lesha,golubev
autotest57@autotest.clients,ONPREM,sergey,balashov
autotest58@autotest.clients,ONPREM,vasya,skvortsov
autotest59@autotest.clients,ONPREM,vasya,skvortsov
autotest60@autotest.clients,ONPREM,yan,kalugin
autotest61@autotest.clients,ONPREM,vanya,molodtsov
autotest62@autotest.clients,ONPREM,john,skvortsov
autotest63@autotest.clients,ONPREM,victor,skvortsov
autotest64@autotest.clients,ONPREM,lesha,voronov
autotest65@autotest.clients,ONPREM,vanya,golubev
autotest66@autotest.clients,ONPREM,victor,kalugin
autotest67@autotest.clients,ONPREM,vanya,voronov
autotest68@autotest.clients,ONPREM,vasya,emelyanov
autotest69@autotest.clients,ONPREM,iohan,kalugin
autotest70@autotest.clients,ONPREM,sergey,golubev
autotest71@autotest.clients,ONPREM,iohan,kalugin
autotest72@autotest.clients,ONPREM,sergey,nesmeyanov
autotest73@autotest.clients,ONPREM,yan,skvortsov
autotest74@autotest.clients,ONPREM,vasya,golubev
autotest75@autotest.clients,ONPREM,john,skvortsov
autotest76@autotest.clients,ONPREM,petr,emelyanov
autotest77@autotest.clients,ONPREM,sergey,balashov
autotest78@autotest.clients,ONPREM,lesha,emelyanov
autotest79@autotest.clients,ONPREM,sergey,skvortsov
autotest80@autotest.clients,ONPREM,kostya,nesmeyanov
autotest81@autotest.clients,ONPREM,yan,voronov
autotest82@autotest.clients,ONPREM,kostya,balashov
autotest83@autotest.clients,ONPREM,petr,emelyanov
autotest84@autotest.clients,ONPREM,maksim,voronov
autotest85@autotest.clients,ONPREM,vanya,molodtsov
autotest86@autotest.clients,ONPREM,sergey,skvortsov
autotest87@autotest.clients,ONPREM,john,voronov
autotest88@autotest.clients,ONPREM,maksim,emelyanov
autotest89@autotest.clients,ONPREM,john,balashov
autotest90@autotest.clients,ONPREM,vasya,balashov
autotest91@autotest.clients,ONPREM,kostya,voronov
autotest92@autotest.clients,ONPREM,maksim,voronov
autotest93@autotest.clients,ONPREM,vasya,molodtsov
autotest94@autotest.clients,ONPREM,yan,nesmeyanov
autotest95@autotest.clients,ONPREM,john,kalugin
autotest96@autotest.clients,ONPREM,iohan,balashov
autotest97@autotest.clients,ONPREM,lesha,skvortsov
autotest98@autotest.clients,ONPREM,petr,balashov
autotest99@autotest.clients,ONPREM,iohan,skvortsov
autotest100@autotest.clients,ONPREM,kostya,nesmeyanov
autotest101@autotest.clients,ONPREM,sergey,balashov
autotest102@autotest.clients,ONPREM,lesha,nesmeyanov
autotest103@autotest.clients,ONPREM,maksim,emelyanov
autotest104@autotest.clients,ONPREM,kostya,emelyanov
autotest105@autotest.clients,ONPREM,victor,nesmeyanov
autotest106@autotest.clients,ONPREM,john,balashov
autotest107@autotest.clients,ONPREM,yan,balashov
autotest108@autotest.clients,ONPREM,john,balashov
autotest109@autotest.clients,ONPREM,kostya,emelyanov
autotest110@autotest.clients,ONPREM,maksim,balashov
autotest111@autotest.clients,ONPREM,petr,kalugin
autotest112@autotest.clients,ONPREM,petr,balashov
autotest113@autotest.clients,ONPREM,yan,emelyanov
autotest114@autotest.clients,ONPREM,maksim,balashov
autotest115@autotest.clients,ONPREM,vanya,golubev
autotest116@autotest.clients,ONPREM,petr,molodtsov
autotest117@autotest.clients,ONPREM,vasya,nesmeyanov
autotest118@autotest.clients,ONPREM,yan,emelyanov
autotest119@autotest.clients,ONPREM,kostya,balashov
autotest120@autotest.clients,ONPREM,lesha,emelyanov
autotest121@autotest.clients,ONPREM,lesha,nesmeyanov
autotest122@autotest.clients,ONPREM,maksim,molodtsov
autotest123@autotest.clients,ONPREM,yan,skvortsov
autotest124@autotest.clients,ONPREM,iohan,emelyanov
autotest125@autotest.clients,ONPREM,vasya,nesmeyanov
autotest126@autotest.clients,ONPREM,petr,nesmeyanov
autotest127@autotest.clients,ONPREM,lesha,voronov
autotest128@autotest.clients,ONPREM,iohan,nesmeyanov
autotest129@autotest.clients,ONPREM,maksim,molodtsov
autotest130@autotest.clients,ONPREM,vasya,molodtsov
autotest131@autotest.clients,ONPREM,victor,molodtsov
autotest132@autotest.clients,ONPREM,vasya,balashov
autotest133@autotest.clients,ONPREM,john,voronov
autotest134@autotest.clients,ONPREM,yan,molodtsov
autotest135@autotest.clients,ONPREM,kostya,voronov
autotest136@autotest.clients,ONPREM,petr,emelyanov
autotest137@autotest.clients,ONPREM,sergey,molodtsov
autotest138@autotest.clients,ONPREM,victor,skvortsov
autotest139@autotest.clients,ONPREM,kostya,molodtsov
autotest140@autotest.clients,ONPREM,kostya,nesmeyanov
autotest141@autotest.clients,ONPREM,victor,balashov
autotest142@autotest.clients,ONPREM,iohan,skvortsov
autotest143@autotest.clients,ONPREM,john,kalugin
autotest144@autotest.clients,ONPREM,kostya,golubev
autotest145@autotest.clients,ONPREM,sergey,emelyanov
autotest146@autotest.clients,ONPREM,maksim,molodtsov
autotest147@autotest.clients,ONPREM,sergey,voronov
autotest148@autotest.clients,ONPREM,iohan,nesmeyanov
autotest149@autotest.clients,ONPREM,yan,voronov
autotest150@autotest.clients,ONPREM,iohan,skvortsov
autotest151@autotest.clients,ONPREM,petr,voronov
autotest152@autotest.clients,ONPREM,yan,golubev
autotest153@autotest.clients,ONPREM,iohan,emelyanov
autotest154@autotest.clients,ONPREM,maksim,golubev
autotest155@autotest.clients,ONPREM,vanya,voronov
autotest156@autotest.clients,ONPREM,maksim,nesmeyanov
autotest157@autotest.clients,ONPREM,lesha,emelyanov
autotest158@autotest.clients,ONPREM,vasya,golubev
autotest159@autotest.clients,ONPREM,vanya,voronov
autotest160@autotest.clients,ONPREM,petr,voronov
autotest161@autotest.clients,ONPREM,petr,skvortsov
autotest162@autotest.clients,ONPREM,vanya,voronov
autotest163@autotest.clients,ONPREM,maksim,voronov
autotest164@autotest.clients,ONPREM,yan,voronov
autotest165@autotest.clients,ONPREM,maksim,golubev
autotest166@autotest.clients,ONPREM,vasya,skvortsov
autotest167@autotest.clients,ONPREM,iohan,molodtsov
autotest168@autotest.clients,ONPREM,maksim,balashov
autotest169@autotest.clients,ONPREM,john,balashov
autotest170@autotest.clients,ONPREM,john,balashov
autotest171@autotest.clients,ONPREM,iohan,nesmeyanov
autotest172@autotest.clients,ONPREM,vanya,nesmeyanov
autotest173@autotest.clients,ONPREM,yan,golubev
autotest174@autotest.clients,ONPREM,vanya,skvortsov
autotest175@autotest.clients,ONPREM,john,nesmeyanov
autotest176@autotest.clients,ONPREM,petr,kalugin
autotest177@autotest.clients,ONPREM,lesha,voronov
autotest178@autotest.clients,ONPREM,iohan,skvortsov
autotest179@autotest.clients,ONPREM,sergey,kalugin
autotest180@autotest.clients,ONPREM,yan,kalugin
autotest181@autotest.clients,ONPREM,iohan,voronov
autotest182@autotest.clients,ONPREM,petr,emelyanov
autotest183@autotest.clients,ONPREM,lesha,golubev
autotest184@autotest.clients,ONPREM,iohan,nesmeyanov
autotest185@autotest.clients,ONPREM,maksim,molodtsov
autotest186@autotest.clients,ONPREM,sergey,balashov
autotest187@autotest.clients,ONPREM,petr,skvortsov
autotest188@autotest.clients,ONPREM,vasya,emelyanov
autotest189@autotest.clients,ONPREM,yan,golubev
autotest190@autotest.clients,ONPREM,victor,kalugin
autotest191@autotest.clients,ONPREM,kostya,kalugin
autotest192@autotest.clients,ONPREM,sergey,golubev
autotest193@autotest.clients,ONPREM,victor,skvortsov
autotest194@autotest.clients,ONPREM,petr,nesmeyanov
autotest195@autotest.clients,ONPREM,vasya,kalugin
autotest196@autotest.clients,ONPREM,maksim,voronov
autotest197@autotest.clients,ONPREM,sergey,emelyanov
autotest198@autotest.clients,ONPREM,iohan,skvortsov
autotest199@autotest.clients,ONPREM,yan,skvortsov
autotest200@autotest.clients,ONPREM,john,voronov
autotest201@autotest.clients,ONPREM,vanya,balashov
autotest202@autotest.clients,ONPREM,yan,balashov
autotest203@autotest.clients,ONPREM,lesha,emelyanov
autotest204@autotest.clients,ONPREM,sergey,balashov
autotest205@autotest.clients,ONPREM,kostya,golubev
autotest206@autotest.clients,ONPREM,sergey,kalugin
autotest207@autotest.clients,ONPREM,sergey,voronov
autotest208@autotest.clients,ONPREM,victor,voronov
autotest209@autotest.clients,ONPREM,sergey,skvortsov
autotest210@autotest.clients,ONPREM,sergey,golubev
autotest211@autotest.clients,ONPREM,sergey,nesmeyanov
autotest212@autotest.clients,ONPREM,yan,molodtsov
autotest213@autotest.clients,ONPREM,lesha,molodtsov
autotest214@autotest.clients,ONPREM,kostya,balashov
autotest215@autotest.clients,ONPREM,maksim,balashov
autotest216@autotest.clients,ONPREM,sergey,balashov
autotest217@autotest.clients,ONPREM,victor,nesmeyanov
autotest218@autotest.clients,ONPREM,vasya,voronov
autotest219@autotest.clients,ONPREM,kostya,emelyanov
autotest220@autotest.clients,ONPREM,sergey,emelyanov
autotest221@autotest.clients,ONPREM,yan,balashov
autotest222@autotest.clients,ONPREM,lesha,molodtsov
autotest223@autotest.clients,ONPREM,vasya,emelyanov
autotest224@autotest.clients,ONPREM,petr,molodtsov
autotest225@autotest.clients,ONPREM,john,molodtsov
autotest226@autotest.clients,ONPREM,lesha,golubev
autotest227@autotest.clients,ONPREM,petr,skvortsov
autotest228@autotest.clients,ONPREM,sergey,kalugin
autotest229@autotest.clients,ONPREM,maksim,balashov
autotest230@autotest.clients,ONPREM,lesha,voronov
autotest231@autotest.clients,ONPREM,john,skvortsov
autotest232@autotest.clients,ONPREM,iohan,voronov
autotest233@autotest.clients,ONPREM,petr,skvortsov
autotest234@autotest.clients,ONPREM,maksim,emelyanov
autotest235@autotest.clients,ONPREM,victor,emelyanov
autotest236@autotest.clients,ONPREM,maksim,skvortsov
autotest237@autotest.clients,ONPREM,vanya,skvortsov
autotest238@autotest.clients,ONPREM,victor,kalugin
autotest239@autotest.clients,ONPREM,vasya,voronov
autotest240@autotest.clients,ONPREM,victor,emelyanov
autotest241@autotest.clients,ONPREM,vasya,balashov
autotest242@autotest.clients,ONPREM,maksim,skvortsov
autotest243@autotest.clients,ONPREM,iohan,emelyanov
autotest244@autotest.clients,ONPREM,iohan,molodtsov
autotest245@autotest.clients,ONPREM,petr,skvortsov
autotest246@autotest.clients,ONPREM,yan,voronov
autotest247@autotest.clients,ONPREM,sergey,emelyanov
autotest248@autotest.clients,ONPREM,iohan,emelyanov
autotest249@autotest.clients,ONPREM,kostya,golubev
autotest250@autotest.clients,ONPREM,yan,golubev
autotest251@autotest.clients,ONPREM,vanya,golubev
autotest252@autotest.clients,ONPREM,lesha,kalugin
autotest253@autotest.clients,ONPREM,yan,golubev
autotest254@autotest.clients,ONPREM,john,balashov
autotest255@autotest.clients,ONPREM,iohan,golubev
autotest256@autotest.clients,ONPREM,yan,golubev
autotest257@autotest.clients,ONPREM,vasya,emelyanov
autotest258@autotest.clients,ONPREM,yan,kalugin
autotest259@autotest.clients,ONPREM,lesha,molodtsov
autotest260@autotest.clients,ONPREM,petr,skvortsov
autotest261@autotest.clients,ONPREM,petr,voronov
autotest262@autotest.clients,ONPREM,john,kalugin
autotest263@autotest.clients,ONPREM,maksim,balashov
autotest264@autotest.clients,ONPREM,lesha,voronov
autotest265@autotest.clients,ONPREM,vasya,kalugin
autotest266@autotest.clients,ONPREM,vasya,skvortsov
autotest267@autotest.clients,ONPREM,vanya,emelyanov
autotest268@autotest.clients,ONPREM,sergey,golubev
autotest269@autotest.clients,ONPREM,vanya,molodtsov
autotest270@autotest.clients,ONPREM,john,molodtsov
autotest271@autotest.clients,ONPREM,victor,skvortsov
autotest272@autotest.clients,ONPREM,maksim,voronov
autotest273@autotest.clients,ONPREM,john,skvortsov
autotest274@autotest.clients,ONPREM,victor,golubev
autotest275@autotest.clients,ONPREM,yan,nesmeyanov
autotest276@autotest.clients,ONPREM,sergey,balashov
autotest277@autotest.clients,ONPREM,kostya,voronov
autotest278@autotest.clients,ONPREM,iohan,skvortsov
autotest279@autotest.clients,ONPREM,victor,balashov
autotest280@autotest.clients,ONPREM,vasya,molodtsov
autotest281@autotest.clients,ONPREM,iohan,voronov
autotest282@autotest.clients,ONPREM,vasya,voronov
autotest283@autotest.clients,ONPREM,petr,molodtsov
autotest284@autotest.clients,ONPREM,petr,nesmeyanov
autotest285@autotest.clients,ONPREM,victor,molodtsov
autotest286@autotest.clients,ONPREM,petr,kalugin
autotest287@autotest.clients,ONPREM,iohan,emelyanov
autotest288@autotest.clients,ONPREM,petr,kalugin
autotest289@autotest.clients,ONPREM,vasya,molodtsov
autotest290@autotest.clients,ONPREM,petr,balashov
autotest291@autotest.clients,ONPREM,maksim,golubev
autotest292@autotest.clients,ONPREM,vanya,nesmeyanov
autotest293@autotest.clients,ONPREM,victor,molodtsov
autotest294@autotest.clients,ONPREM,petr,balashov
autotest295@autotest.clients,ONPREM,vasya,nesmeyanov
autotest296@autotest.clients,ONPREM,lesha,voronov
autotest297@autotest.clients,ONPREM,petr,golubev
autotest298@autotest.clients,ONPREM,maksim,skvortsov
autotest299@autotest.clients,ONPREM,victor,nesmeyanov
